{
  "baseline_log_odds": 0.75529,
  "baseline_probability": 0.68033,
  "features": {
    "cat__PATTERN_USE_1": -5.0026612,
    "cat__HUSBAND_AGE_36": -1.9739679,
    "cat__HUSBAND_AGE_34": -1.352232,
    "cat__HUSBAND_AGE_31": -1.2564595,
    "cat__HUSBAND_AGE_55": -1.2356678,
    "cat__HUSBAND_AGE_54": -1.214944,
    "cat__HUSBAND_AGE_53": -1.2129328,
    "cat__HUSBAND_AGE_37": -1.2031056,
    "cat__HUSBAND_AGE_25": -1.2006668,
    "cat__HUSBAND_AGE_28": -1.1223735,
    "cat__HUSBAND_AGE_46": -1.1076638,
    "cat__SMOKE_CIGAR_0": -1.0921462,
    "cat__HUSBAND_AGE_43": -1.0901843,
    "cat__HUSBAND_AGE_20": -1.0694169,
    "cat__ETHNICITY_Others": -0.9784638,
    "cat__HUSBAND_AGE_32": -0.9290404,
    "cat__CONTRACEPTIVE_METHOD_IUD": -0.8678688,
    "cat__HUSBAND_AGE_48": -0.8668545,
    "cat__HUSBAND_AGE_21": -0.8456223,
    "cat__HUSBAND_AGE_41": -0.8355017,
    "num__AGE_under_20": -0.7298591,
    "cat__HUSBAND_AGE_39": -0.7124532,
    "cat__HUSBAND_AGE_49": -0.6982693,
    "cat__HUSBAND_AGE_24": -0.6751049,
    "cat__HUSBAND_AGE_45": -0.6506761,
    "cat__HUSBAND_AGE_38": -0.6494803,
    "cat__SMOKE_CIGAR_1": -0.5337261,
    "cat__CONTRACEPTIVE_METHOD_Condom": -0.524974,
    "cat__HUSBAND_AGE_27": -0.5040776,
    "cat__HUSBAND_AGE_44": 0.4663492,
    "cat__HUSBAND_AGE_35": -0.4597525,
    "cat__CONTRACEPTIVE_METHOD_Pills": -0.401896,
    "cat__ETHNICITY_Bicolano": -0.3905557,
    "cat__CONTRACEPTIVE_METHOD_Withdrawal": 0.3642844,
    "cat__HUSBAND_AGE_22": -0.348022,
    "cat__HUSBAND_AGE_33": -0.3429929,
    "num__AGE_30_39": -0.3141908,
    "cat__PATTERN_USE_New user": -0.3101365,
    "num__AGE_20_29": -0.3074719,
    "cat__HOUSEHOLD_HEAD_SEX_1": -0.2965237,
    "cat__HUSBAND_AGE_47": -0.2615963,
    "cat__HUSBAND_AGE_29": -0.2540688,
    "num__PARITY_1_2": -0.2309693,
    "cat__HUSBAND_AGE_23": -0.1910347,
    "num__AGE_40_plus": -0.1866332,
    "cat__HUSBAND_AGE_50": -0.1739337,
    "cat__HUSBAND_AGE_40": 0.1564334,
    "cat__DESIRE_FOR_MORE_CHILDREN_No": -0.1546862,
    "cat__PATTERN_USE_Intermittent": -0.1472417,
    "cat__PATTERN_USE_Consistent": -0.1408973,
    "cat__HUSBAND_AGE_26": -0.1361605,
    "cat__ETHNICITY_Ilocano": -0.1305808,
    "num__PARITY_5_plus": 0.1284141,
    "cat__PATTERN_USE_Stopped recently": 0.1199459,
    "cat__SMOKE_CIGAR_Yes": 0.1161671,
    "cat__ETHNICITY_Bisaya": -0.115789,
    "cat__HUSBAND_AGE_52": 0.1040249,
    "cat__HOUSEHOLD_HEAD_SEX_2": -0.0930715,
    "cat__HUSBAND_AGE_30": -0.080909,
    "cat__ETHNICITY_Tagalog": -0.0761004,
    "num__PARITY_0": -0.0752558,
    "cat__HOUSEHOLD_HEAD_SEX_Female": -0.0738129,
    "cat__CONTRACEPTIVE_METHOD_Implants": -0.0639882,
    "cat__SMOKE_CIGAR_No": 0.0324167,
    "cat__HUSBAND_AGE_51": 0.0302522,
    "cat__HUSBAND_AGE_42": -0.0253562,
    "cat__HOUSEHOLD_HEAD_SEX_Male": 0.0237025,
    "cat__DESIRE_FOR_MORE_CHILDREN_Undecided": 0.0217734,
    "cat__DESIRE_FOR_MORE_CHILDREN_Yes": -0.021586,
    "num__PARITY_3_4": -0.0176337,
    "cat__CONTRACEPTIVE_METHOD_Injectables": -0.0166829,
    "cat__HUSBAND_AGE_  ": 0.0,
    "cat__HUSBAND_AGE_16": 0.0,
    "cat__HUSBAND_AGE_17": 0.0,
    "cat__HUSBAND_AGE_18": 0.0,
    "cat__HUSBAND_AGE_19": 0.0,
    "cat__HUSBAND_AGE_56": 0.0,
    "cat__HUSBAND_AGE_58": 0.0,
    "cat__HUSBAND_AGE_59": 0.0,
    "cat__HUSBAND_AGE_63": 0.0,
    "cat__HUSBAND_AGE_66": 0.0,
    "cat__ETHNICITY_1": 0.0,
    "cat__ETHNICITY_10": 0.0,
    "cat__ETHNICITY_11": 0.0,
    "cat__ETHNICITY_2": 0.0,
    "cat__ETHNICITY_23": 0.0,
    "cat__ETHNICITY_26": 0.0,
    "cat__ETHNICITY_27": 0.0,
    "cat__ETHNICITY_3": 0.0,
    "cat__ETHNICITY_33": 0.0,
    "cat__ETHNICITY_35": 0.0,
    "cat__ETHNICITY_4": 0.0,
    "cat__ETHNICITY_43": 0.0,
    "cat__ETHNICITY_48": 0.0,
    "cat__ETHNICITY_49": 0.0,
    "cat__ETHNICITY_5": 0.0,
    "cat__ETHNICITY_50": 0.0,
    "cat__ETHNICITY_52": 0.0,
    "cat__ETHNICITY_53": 0.0,
    "cat__ETHNICITY_55": 0.0,
    "cat__ETHNICITY_58": 0.0,
    "cat__ETHNICITY_6": 0.0,
    "cat__ETHNICITY_62": 0.0,
    "cat__ETHNICITY_63": 0.0,
    "cat__ETHNICITY_64": 0.0,
    "cat__ETHNICITY_67": 0.0,
    "cat__ETHNICITY_68": 0.0,
    "cat__ETHNICITY_69": 0.0,
    "cat__ETHNICITY_7": 0.0,
    "cat__ETHNICITY_71": 0.0,
    "cat__ETHNICITY_73": 0.0,
    "cat__ETHNICITY_77": 0.0,
    "cat__ETHNICITY_8": 0.0,
    "cat__ETHNICITY_80": 0.0,
    "cat__ETHNICITY_82": 0.0,
    "cat__ETHNICITY_84": 0.0,
    "cat__ETHNICITY_85": 0.0,
    "cat__ETHNICITY_86": 0.0,
    "cat__ETHNICITY_87": 0.0,
    "cat__ETHNICITY_88": 0.0,
    "cat__ETHNICITY_9": 0.0,
    "cat__ETHNICITY_96": 0.0,
    "cat__CONTRACEPTIVE_METHOD_1": 0.0,
    "cat__CONTRACEPTIVE_METHOD_11": 0.0,
    "cat__CONTRACEPTIVE_METHOD_13": 0.0,
    "cat__CONTRACEPTIVE_METHOD_16": 0.0,
    "cat__CONTRACEPTIVE_METHOD_18": 0.0,
    "cat__CONTRACEPTIVE_METHOD_2": 0.0,
    "cat__CONTRACEPTIVE_METHOD_3": 0.0,
    "cat__CONTRACEPTIVE_METHOD_5": 0.0,
    "cat__CONTRACEPTIVE_METHOD_6": 0.0,
    "cat__CONTRACEPTIVE_METHOD_7": 0.0,
    "cat__DESIRE_FOR_MORE_CHILDREN_1": 0.0,
    "cat__DESIRE_FOR_MORE_CHILDREN_2": 0.0,
    "cat__DESIRE_FOR_MORE_CHILDREN_3": 0.0,
    "cat__DESIRE_FOR_MORE_CHILDREN_4": 0.0,
    "cat__DESIRE_FOR_MORE_CHILDREN_5": 0.0,
    "cat__DESIRE_FOR_MORE_CHILDREN_6": 0.0,
    "cat__DESIRE_FOR_MORE_CHILDREN_7": 0.0
  }
}