{
  "cat__PATTERN_USE_1": 4.092419,
  "cat__SMOKE_CIGAR_0": 0.84286845,
  "num__AGE": 0.36351213,
  "cat__SMOKE_CIGAR_No": 0.33759135,
  "cat__HOUSEHOLD_HEAD_SEX_1": 0.19387956,
  "num__PARITY": 0.18183537,
  "cat__HOUSEHOLD_HEAD_SEX_Male": 0.12467005,
  "cat__DESIRE_FOR_MORE_CHILDREN_No": 0.08755492,
  "cat__ETHNICITY_Tagalog": 0.081997365,
  "cat__HUSBAND_AGE_43": 0.0758669,
  "cat__HUSBAND_AGE_36": 0.07192214,
  "cat__PATTERN_USE_Stopped recently": 0.06895374,
  "cat__CONTRACEPTIVE_METHOD_Pills": 0.068784334,
  "cat__HUSBAND_AGE_32": 0.0661952,
  "cat__DESIRE_FOR_MORE_CHILDREN_Yes": 0.06548088,
  "cat__HUSBAND_AGE_37": 0.061967175,
  "cat__HUSBAND_AGE_31": 0.05449235,
  "cat__CONTRACEPTIVE_METHOD_Injectables": 0.05399831,
  "cat__HUSBAND_AGE_25": 0.05285817,
  "cat__PATTERN_USE_Consistent": 0.052262746,
  "cat__HUSBAND_AGE_28": 0.051362723,
  "cat__HUSBAND_AGE_34": 0.049233895,
  "cat__CONTRACEPTIVE_METHOD_Withdrawal": 0.04874026,
  "cat__PATTERN_USE_Intermittent": 0.04671563,
  "cat__HUSBAND_AGE_46": 0.04530832,
  "cat__HOUSEHOLD_HEAD_SEX_Female": 0.042730913,
  "cat__HUSBAND_AGE_24": 0.039495815,
  "cat__PATTERN_USE_New user": 0.03916063,
  "cat__ETHNICITY_Bisaya": 0.038527608,
  "cat__HUSBAND_AGE_44": 0.031845495,
  "cat__DESIRE_FOR_MORE_CHILDREN_Undecided": 0.031159578,
  "cat__CONTRACEPTIVE_METHOD_Implants": 0.030096438,
  "cat__HUSBAND_AGE_35": 0.029896917,
  "cat__HUSBAND_AGE_20": 0.029533625,
  "cat__CONTRACEPTIVE_METHOD_Condom": 0.02798541,
  "cat__HUSBAND_AGE_55": 0.027978644,
  "cat__ETHNICITY_Ilocano": 0.027095087,
  "cat__SMOKE_CIGAR_1": 0.026933106,
  "cat__HUSBAND_AGE_38": 0.026456853,
  "cat__HUSBAND_AGE_39": 0.025472041,
  "cat__SMOKE_CIGAR_Yes": 0.02518109,
  "cat__HUSBAND_AGE_41": 0.024963196,
  "cat__HUSBAND_AGE_54": 0.022835404,
  "cat__HUSBAND_AGE_42": 0.02271125,
  "cat__HUSBAND_AGE_33": 0.022258015,
  "cat__HUSBAND_AGE_27": 0.021501241,
  "cat__CONTRACEPTIVE_METHOD_IUD": 0.021021655,
  "cat__ETHNICITY_Bicolano": 0.018783119,
  "cat__HUSBAND_AGE_51": 0.018223567,
  "cat__HUSBAND_AGE_30": 0.017245524,
  "cat__HUSBAND_AGE_45": 0.017086707,
  "cat__ETHNICITY_Others": 0.016540874,
  "cat__HUSBAND_AGE_21": 0.01561598,
  "cat__HUSBAND_AGE_48": 0.015157153,
  "cat__HUSBAND_AGE_40": 0.015036438,
  "cat__HUSBAND_AGE_22": 0.014759671,
  "cat__HUSBAND_AGE_49": 0.014251682,
  "cat__HUSBAND_AGE_29": 0.014160198,
  "cat__HUSBAND_AGE_52": 0.012687659,
  "cat__HUSBAND_AGE_47": 0.012054065,
  "cat__HOUSEHOLD_HEAD_SEX_2": 0.011809117,
  "cat__HUSBAND_AGE_23": 0.009870871,
  "cat__HUSBAND_AGE_53": 0.008466792,
  "cat__HUSBAND_AGE_26": 0.007296907,
  "cat__HUSBAND_AGE_50": 0.005401316,
  "cat__HUSBAND_AGE_  ": 0.0,
  "cat__ETHNICITY_96": 0.0,
  "cat__ETHNICITY_9": 0.0,
  "cat__CONTRACEPTIVE_METHOD_16": 0.0,
  "cat__CONTRACEPTIVE_METHOD_1": 0.0,
  "cat__CONTRACEPTIVE_METHOD_11": 0.0,
  "cat__CONTRACEPTIVE_METHOD_13": 0.0,
  "cat__HUSBAND_AGE_16": 0.0,
  "cat__CONTRACEPTIVE_METHOD_18": 0.0,
  "cat__CONTRACEPTIVE_METHOD_2": 0.0,
  "cat__CONTRACEPTIVE_METHOD_3": 0.0,
  "cat__CONTRACEPTIVE_METHOD_5": 0.0,
  "cat__CONTRACEPTIVE_METHOD_6": 0.0,
  "cat__CONTRACEPTIVE_METHOD_7": 0.0,
  "cat__DESIRE_FOR_MORE_CHILDREN_1": 0.0,
  "cat__DESIRE_FOR_MORE_CHILDREN_2": 0.0,
  "cat__DESIRE_FOR_MORE_CHILDREN_3": 0.0,
  "cat__DESIRE_FOR_MORE_CHILDREN_4": 0.0,
  "cat__DESIRE_FOR_MORE_CHILDREN_5": 0.0,
  "cat__DESIRE_FOR_MORE_CHILDREN_6": 0.0,
  "cat__DESIRE_FOR_MORE_CHILDREN_7": 0.0,
  "cat__ETHNICITY_87": 0.0,
  "cat__ETHNICITY_88": 0.0,
  "cat__ETHNICITY_55": 0.0,
  "cat__ETHNICITY_86": 0.0,
  "cat__ETHNICITY_85": 0.0,
  "cat__ETHNICITY_43": 0.0,
  "cat__ETHNICITY_4": 0.0,
  "cat__ETHNICITY_35": 0.0,
  "cat__ETHNICITY_33": 0.0,
  "cat__ETHNICITY_3": 0.0,
  "cat__ETHNICITY_27": 0.0,
  "cat__ETHNICITY_26": 0.0,
  "cat__ETHNICITY_23": 0.0,
  "cat__ETHNICITY_2": 0.0,
  "cat__ETHNICITY_11": 0.0,
  "cat__ETHNICITY_10": 0.0,
  "cat__ETHNICITY_1": 0.0,
  "cat__HUSBAND_AGE_66": 0.0,
  "cat__HUSBAND_AGE_63": 0.0,
  "cat__HUSBAND_AGE_59": 0.0,
  "cat__HUSBAND_AGE_58": 0.0,
  "cat__HUSBAND_AGE_56": 0.0,
  "cat__HUSBAND_AGE_19": 0.0,
  "cat__HUSBAND_AGE_18": 0.0,
  "cat__ETHNICITY_48": 0.0,
  "cat__ETHNICITY_49": 0.0,
  "cat__ETHNICITY_5": 0.0,
  "cat__ETHNICITY_69": 0.0,
  "cat__ETHNICITY_84": 0.0,
  "cat__ETHNICITY_82": 0.0,
  "cat__ETHNICITY_80": 0.0,
  "cat__ETHNICITY_8": 0.0,
  "cat__ETHNICITY_77": 0.0,
  "cat__ETHNICITY_73": 0.0,
  "cat__ETHNICITY_71": 0.0,
  "cat__ETHNICITY_7": 0.0,
  "cat__ETHNICITY_68": 0.0,
  "cat__ETHNICITY_52": 0.0,
  "cat__ETHNICITY_67": 0.0,
  "cat__ETHNICITY_64": 0.0,
  "cat__ETHNICITY_63": 0.0,
  "cat__ETHNICITY_62": 0.0,
  "cat__ETHNICITY_6": 0.0,
  "cat__ETHNICITY_58": 0.0,
  "cat__HUSBAND_AGE_17": 0.0,
  "cat__ETHNICITY_53": 0.0,
  "cat__ETHNICITY_50": 0.0
}