{
  "n_train": 2243,
  "n_val": 481,
  "n_test": 481,
  "n_total": 3205,
  "class_1_frac_train": 0.06419973250111458,
  "class_1_frac_val": 0.06444906444906445,
  "class_1_frac_test": 0.06444906444906445,
  "random_seed": 42,
  "sha256_train": "0bb8871b982b7221030dc182b9919dfac0a2ced1839c60a9356e4f4249276233",
  "sha256_val": "4020092f776a59be56e14de9a6d148755febb5efd49816842c653213a0a93292",
  "sha256_test": "e57e07bf9cb7e7fbb765b52626ad23bc7961a7e6cfc851f0d451c52f8985cd63"
}