{
  "full_25": {
    "n_folds": 10,
    "recall": {
      "mean": 1.0,
      "std": 0.0,
      "ci_95_lower": 1.0,
      "ci_95_upper": 1.0,
      "min": 1.0,
      "max": 1.0
    },
    "precision": {
      "mean": 0.2813724784341662,
      "std": 0.020058867087362535,
      "ci_95_lower": 0.26778640369198875,
      "ci_95_upper": 0.2929179184302518
    },
    "f1": {
      "mean": 0.4387864331619893,
      "std": 0.02473693884365581,
      "ci_95_lower": 0.4219840914923247,
      "ci_95_upper": 0.45293837511534335
    },
    "roc_auc": {
      "mean": 0.9083059705540908,
      "std": 0.01351164210567059,
      "ci_95_lower": 0.8996944059282406,
      "ci_95_upper": 0.9166507090236412
    },
    "passes_target": true,
    "ci_lower_passes_target": true
  },
  "reduced_A": {
    "n_folds": 10,
    "recall": {
      "mean": 1.0,
      "std": 0.0,
      "ci_95_lower": 1.0,
      "ci_95_upper": 1.0,
      "min": 1.0,
      "max": 1.0
    },
    "precision": {
      "mean": 0.28176614212779283,
      "std": 0.02239177547828145,
      "ci_95_lower": 0.26639475194588386,
      "ci_95_upper": 0.29429060731276874
    },
    "f1": {
      "mean": 0.4391680156234236,
      "std": 0.02776647996901588,
      "ci_95_lower": 0.41999406932936345,
      "ci_95_upper": 0.45461720158399477
    },
    "roc_auc": {
      "mean": 0.9072692119910165,
      "std": 0.01446697059584981,
      "ci_95_lower": 0.8980608843537414,
      "ci_95_upper": 0.9160417586173224
    },
    "passes_target": true,
    "ci_lower_passes_target": true
  },
  "reduced_B": {
    "n_folds": 10,
    "recall": {
      "mean": 1.0,
      "std": 0.0,
      "ci_95_lower": 1.0,
      "ci_95_upper": 1.0,
      "min": 1.0,
      "max": 1.0
    },
    "precision": {
      "mean": 0.28254413601498374,
      "std": 0.02062829016907433,
      "ci_95_lower": 0.2685658481465,
      "ci_95_upper": 0.2943049841963037
    },
    "f1": {
      "mean": 0.44019084667365194,
      "std": 0.025410972937475667,
      "ci_95_lower": 0.42305356296492475,
      "ci_95_upper": 0.4546210909583775
    },
    "roc_auc": {
      "mean": 0.9095677288459243,
      "std": 0.019028886214373056,
      "ci_95_lower": 0.8978720163503997,
      "ci_95_upper": 0.9216525420694593
    },
    "passes_target": true,
    "ci_lower_passes_target": true
  },
  "reduced_C": {
    "n_folds": 10,
    "recall": {
      "mean": 1.0,
      "std": 0.0,
      "ci_95_lower": 1.0,
      "ci_95_upper": 1.0,
      "min": 1.0,
      "max": 1.0
    },
    "precision": {
      "mean": 0.27710628290763906,
      "std": 0.024340185080455864,
      "ci_95_lower": 0.26048258904961047,
      "ci_95_upper": 0.29184667319552926
    },
    "f1": {
      "mean": 0.4333857207346329,
      "std": 0.030117239754039318,
      "ci_95_lower": 0.4125371244388166,
      "ci_95_upper": 0.45167950350303293
    },
    "roc_auc": {
      "mean": 0.9121619199513937,
      "std": 0.020454967958384977,
      "ci_95_lower": 0.8993827611507123,
      "ci_95_upper": 0.9247405579695994
    },
    "passes_target": true,
    "ci_lower_passes_target": true
  }
}