{
  "full_25": {
    "n_folds": 10,
    "recall": {
      "mean": 1.0,
      "std": 0.0,
      "ci_95_lower": 1.0,
      "ci_95_upper": 1.0,
      "min": 1.0,
      "max": 1.0
    },
    "precision": {
      "mean": 0.28254413601498374,
      "std": 0.02062829016907433,
      "ci_95_lower": 0.2685658481465,
      "ci_95_upper": 0.2943049841963037
    },
    "f1": {
      "mean": 0.44019084667365194,
      "std": 0.025410972937475667,
      "ci_95_lower": 0.42305356296492475,
      "ci_95_upper": 0.4546210909583775
    },
    "roc_auc": {
      "mean": 0.9083059705540908,
      "std": 0.01351164210567059,
      "ci_95_lower": 0.8996944059282406,
      "ci_95_upper": 0.9166507090236412
    },
    "passes_target": true,
    "ci_lower_passes_target": true
  },
  "reduced_A": {
    "n_folds": 10,
    "recall": {
      "mean": 1.0,
      "std": 0.0,
      "ci_95_lower": 1.0,
      "ci_95_upper": 1.0,
      "min": 1.0,
      "max": 1.0
    },
    "precision": {
      "mean": 0.28254413601498374,
      "std": 0.02062829016907433,
      "ci_95_lower": 0.2685658481465,
      "ci_95_upper": 0.2943049841963037
    },
    "f1": {
      "mean": 0.44019084667365194,
      "std": 0.025410972937475667,
      "ci_95_lower": 0.42305356296492475,
      "ci_95_upper": 0.4546210909583775
    },
    "roc_auc": {
      "mean": 0.9072692119910165,
      "std": 0.01446697059584981,
      "ci_95_lower": 0.8980608843537414,
      "ci_95_upper": 0.9160417586173224
    },
    "passes_target": true,
    "ci_lower_passes_target": true
  },
  "reduced_B": {
    "n_folds": 10,
    "recall": {
      "mean": 1.0,
      "std": 0.0,
      "ci_95_lower": 1.0,
      "ci_95_upper": 1.0,
      "min": 1.0,
      "max": 1.0
    },
    "precision": {
      "mean": 0.28254413601498374,
      "std": 0.02062829016907433,
      "ci_95_lower": 0.2685658481465,
      "ci_95_upper": 0.2943049841963037
    },
    "f1": {
      "mean": 0.44019084667365194,
      "std": 0.025410972937475667,
      "ci_95_lower": 0.42305356296492475,
      "ci_95_upper": 0.4546210909583775
    },
    "roc_auc": {
      "mean": 0.9070817628486803,
      "std": 0.012069922656750292,
      "ci_95_lower": 0.8997777210884351,
      "ci_95_upper": 0.9148332072063275
    },
    "passes_target": true,
    "ci_lower_passes_target": true
  },
  "reduced_C": {
    "n_folds": 10,
    "recall": {
      "mean": 1.0,
      "std": 0.0,
      "ci_95_lower": 1.0,
      "ci_95_upper": 1.0,
      "min": 1.0,
      "max": 1.0
    },
    "precision": {
      "mean": 0.2838853581344204,
      "std": 0.022406480218816614,
      "ci_95_lower": 0.2688413602658133,
      "ci_95_upper": 0.29713392939137384
    },
    "f1": {
      "mean": 0.44174985628077523,
      "std": 0.027433990545587168,
      "ci_95_lower": 0.42324995110901403,
      "ci_95_upper": 0.45782843740128326
    },
    "roc_auc": {
      "mean": 0.9169020277967647,
      "std": 0.012830569151175579,
      "ci_95_lower": 0.9083931289262116,
      "ci_95_upper": 0.9246520893684428
    },
    "passes_target": true,
    "ci_lower_passes_target": true
  }
}